step,loss
0,10.7704
1,9.76518
2,9.16661
3,8.90051
4,8.64587
5,8.58642
6,8.38064
7,8.31595
8,8.36267
9,8.27599
10,8.30476
11,8.25107
12,8.14673
13,8.11275
14,8.20362
15,8.05872
16,8.0446
17,8.06361
